heartRate,stepCount,distanceWalkingRunning,activeEnergyBurned,restingHeartRate,walkingHeartRateAverage,type
,,,0.0,,,activeEnergyBurned
,,,0.0,,,activeEnergyBurned
,,,0.0,,,activeEnergyBurned
,,,0.0,,,activeEnergyBurned
,,,0.0,,,activeEnergyBurned
,,,0.0,,,activeEnergyBurned
,,,0.0,,,activeEnergyBurned
,,,0.0,,,activeEnergyBurned
,,,0.0,,,activeEnergyBurned
,,,0.0,,,activeEnergyBurned
,,,0.0,,,activeEnergyBurned
,,,0.0,,,activeEnergyBurned
,,,0.0,,,activeEnergyBurned
,,,0.0,,,activeEnergyBurned
,,,0.0,,,activeEnergyBurned
,,,0.0,,,activeEnergyBurned
,,,0.0,,,activeEnergyBurned
,,,0.0,,,activeEnergyBurned
,,,0.0,,,activeEnergyBurned
,,,0.0,,,activeEnergyBurned
,,,0.0,,,activeEnergyBurned
,,,0.0,,,activeEnergyBurned
,,,11.021000000000003,,,activeEnergyBurned
,,,115.89199999999997,,,activeEnergyBurned
,,,79.00699999999999,,,activeEnergyBurned
,,,245.0749999999999,,,activeEnergyBurned
,,,435.23289892808185,,,activeEnergyBurned
,,,238.718437551434,,,activeEnergyBurned
,,,45.32366352048399,,,activeEnergyBurned
,,,312.079,,,activeEnergyBurned
,,,2.696,,,activeEnergyBurned
,,,,,,appleExerciseTime
,,,,,,appleExerciseTime
,,,,,,appleExerciseTime
,,,,,,appleExerciseTime
,,,,,,appleExerciseTime
,,,,,,appleExerciseTime
,,,,,,appleExerciseTime
,,,,,,appleExerciseTime
,,,,,,appleExerciseTime
,,,,,,appleExerciseTime
,,,,,,appleExerciseTime
,,,,,,appleExerciseTime
,,,,,,appleExerciseTime
,,,,,,appleExerciseTime
,,,,,,appleExerciseTime
,,,,,,appleExerciseTime
,,,,,,appleExerciseTime
,,,,,,appleExerciseTime
,,,,,,appleExerciseTime
,,,,,,appleExerciseTime
,,,,,,appleExerciseTime
,,,,,,appleExerciseTime
,,,,,,appleExerciseTime
,,,,,,appleExerciseTime
,,,,,,appleExerciseTime
,,,,,,appleExerciseTime
,,,,,,appleExerciseTime
,,,,,,appleExerciseTime
,,,,,,appleExerciseTime
,,,,,,appleExerciseTime
,,,,,,appleExerciseTime
,,,,,,basalEnergyBurned
,,,,,,basalEnergyBurned
,,,,,,basalEnergyBurned
,,,,,,basalEnergyBurned
,,,,,,basalEnergyBurned
,,,,,,basalEnergyBurned
,,,,,,basalEnergyBurned
,,,,,,basalEnergyBurned
,,,,,,basalEnergyBurned
,,,,,,basalEnergyBurned
,,,,,,basalEnergyBurned
,,,,,,basalEnergyBurned
,,,,,,basalEnergyBurned
,,,,,,basalEnergyBurned
,,,,,,basalEnergyBurned
,,,,,,basalEnergyBurned
,,,,,,basalEnergyBurned
,,,,,,basalEnergyBurned
,,,,,,basalEnergyBurned
,,,,,,basalEnergyBurned
,,,,,,basalEnergyBurned
,,,,,,basalEnergyBurned
,,,,,,basalEnergyBurned
,,,,,,basalEnergyBurned
,,,,,,basalEnergyBurned
,,,,,,basalEnergyBurned
,,,,,,basalEnergyBurned
,,,,,,basalEnergyBurned
,,,,,,basalEnergyBurned
,,,,,,basalEnergyBurned
,,,,,,basalEnergyBurned
,,,,,,bloodPressureDiastolic
,,,,,,bloodPressureDiastolic
,,,,,,bloodPressureDiastolic
,,,,,,bloodPressureDiastolic
,,,,,,bloodPressureDiastolic
,,,,,,bloodPressureDiastolic
,,,,,,bloodPressureDiastolic
,,,,,,bloodPressureDiastolic
,,,,,,bloodPressureDiastolic
,,,,,,bloodPressureDiastolic
,,,,,,bloodPressureDiastolic
,,,,,,bloodPressureDiastolic
,,,,,,bloodPressureDiastolic
,,,,,,bloodPressureDiastolic
,,,,,,bloodPressureDiastolic
,,,,,,bloodPressureDiastolic
,,,,,,bloodPressureDiastolic
,,,,,,bloodPressureDiastolic
,,,,,,bloodPressureDiastolic
,,,,,,bloodPressureDiastolic
,,,,,,bloodPressureDiastolic
,,,,,,bloodPressureDiastolic
,,,,,,bloodPressureDiastolic
,,,,,,bloodPressureDiastolic
,,,,,,bloodPressureDiastolic
,,,,,,bloodPressureDiastolic
,,,,,,bloodPressureDiastolic
,,,,,,bloodPressureDiastolic
,,,,,,bloodPressureDiastolic
,,,,,,bloodPressureDiastolic
,,,,,,bloodPressureDiastolic
,,,,,,bloodPressureSystolic
,,,,,,bloodPressureSystolic
,,,,,,bloodPressureSystolic
,,,,,,bloodPressureSystolic
,,,,,,bloodPressureSystolic
,,,,,,bloodPressureSystolic
,,,,,,bloodPressureSystolic
,,,,,,bloodPressureSystolic
,,,,,,bloodPressureSystolic
,,,,,,bloodPressureSystolic
,,,,,,bloodPressureSystolic
,,,,,,bloodPressureSystolic
,,,,,,bloodPressureSystolic
,,,,,,bloodPressureSystolic
,,,,,,bloodPressureSystolic
,,,,,,bloodPressureSystolic
,,,,,,bloodPressureSystolic
,,,,,,bloodPressureSystolic
,,,,,,bloodPressureSystolic
,,,,,,bloodPressureSystolic
,,,,,,bloodPressureSystolic
,,,,,,bloodPressureSystolic
,,,,,,bloodPressureSystolic
,,,,,,bloodPressureSystolic
,,,,,,bloodPressureSystolic
,,,,,,bloodPressureSystolic
,,,,,,bloodPressureSystolic
,,,,,,bloodPressureSystolic
,,,,,,bloodPressureSystolic
,,,,,,bloodPressureSystolic
,,,,,,bloodPressureSystolic
,,,,,,bodyFatPercentage
,,,,,,bodyFatPercentage
,,,,,,bodyFatPercentage
,,,,,,bodyFatPercentage
,,,,,,bodyFatPercentage
,,,,,,bodyFatPercentage
,,,,,,bodyFatPercentage
,,,,,,bodyFatPercentage
,,,,,,bodyFatPercentage
,,,,,,bodyFatPercentage
,,,,,,bodyFatPercentage
,,,,,,bodyFatPercentage
,,,,,,bodyFatPercentage
,,,,,,bodyFatPercentage
,,,,,,bodyFatPercentage
,,,,,,bodyFatPercentage
,,,,,,bodyFatPercentage
,,,,,,bodyFatPercentage
,,,,,,bodyFatPercentage
,,,,,,bodyFatPercentage
,,,,,,bodyFatPercentage
,,,,,,bodyFatPercentage
,,,,,,bodyFatPercentage
,,,,,,bodyFatPercentage
,,,,,,bodyFatPercentage
,,,,,,bodyFatPercentage
,,,,,,bodyFatPercentage
,,,,,,bodyFatPercentage
,,,,,,bodyFatPercentage
,,,,,,bodyFatPercentage
,,,,,,bodyFatPercentage
,,,,,,bodyMass
,,,,,,bodyMass
,,,,,,bodyMass
,,,,,,bodyMass
,,,,,,bodyMass
,,,,,,bodyMass
,,,,,,bodyMass
,,,,,,bodyMass
,,,,,,bodyMass
,,,,,,bodyMass
,,,,,,bodyMass
,,,,,,bodyMass
,,,,,,bodyMass
,,,,,,bodyMass
,,,,,,bodyMass
,,,,,,bodyMass
,,,,,,bodyMass
,,,,,,bodyMass
,,,,,,bodyMass
,,,,,,bodyMass
,,,,,,bodyMass
,,,,,,bodyMass
,,,,,,bodyMass
,,,,,,bodyMass
,,,,,,bodyMass
,,,,,,bodyMass
,,,,,,bodyMass
,,,,,,bodyMass
,,,,,,bodyMass
,,,,,,bodyMass
,,,,,,bodyMass
,,,,,,bodyMassIndex
,,,,,,bodyMassIndex
,,,,,,bodyMassIndex
,,,,,,bodyMassIndex
,,,,,,bodyMassIndex
,,,,,,bodyMassIndex
,,,,,,bodyMassIndex
,,,,,,bodyMassIndex
,,,,,,bodyMassIndex
,,,,,,bodyMassIndex
,,,,,,bodyMassIndex
,,,,,,bodyMassIndex
,,,,,,bodyMassIndex
,,,,,,bodyMassIndex
,,,,,,bodyMassIndex
,,,,,,bodyMassIndex
,,,,,,bodyMassIndex
,,,,,,bodyMassIndex
,,,,,,bodyMassIndex
,,,,,,bodyMassIndex
,,,,,,bodyMassIndex
,,,,,,bodyMassIndex
,,,,,,bodyMassIndex
,,,,,,bodyMassIndex
,,,,,,bodyMassIndex
,,,,,,bodyMassIndex
,,,,,,bodyMassIndex
,,,,,,bodyMassIndex
,,,,,,bodyMassIndex
,,,,,,bodyMassIndex
,,,,,,bodyMassIndex
,,,,,,bodyTemperature
,,,,,,bodyTemperature
,,,,,,bodyTemperature
,,,,,,bodyTemperature
,,,,,,bodyTemperature
,,,,,,bodyTemperature
,,,,,,bodyTemperature
,,,,,,bodyTemperature
,,,,,,bodyTemperature
,,,,,,bodyTemperature
,,,,,,bodyTemperature
,,,,,,bodyTemperature
,,,,,,bodyTemperature
,,,,,,bodyTemperature
,,,,,,bodyTemperature
,,,,,,bodyTemperature
,,,,,,bodyTemperature
,,,,,,bodyTemperature
,,,,,,bodyTemperature
,,,,,,bodyTemperature
,,,,,,bodyTemperature
,,,,,,bodyTemperature
,,,,,,bodyTemperature
,,,,,,bodyTemperature
,,,,,,bodyTemperature
,,,,,,bodyTemperature
,,,,,,bodyTemperature
,,,,,,bodyTemperature
,,,,,,bodyTemperature
,,,,,,bodyTemperature
,,,,,,bodyTemperature
,,,,,,dietaryCarbohydrates
,,,,,,dietaryCarbohydrates
,,,,,,dietaryCarbohydrates
,,,,,,dietaryCarbohydrates
,,,,,,dietaryCarbohydrates
,,,,,,dietaryCarbohydrates
,,,,,,dietaryCarbohydrates
,,,,,,dietaryCarbohydrates
,,,,,,dietaryCarbohydrates
,,,,,,dietaryCarbohydrates
,,,,,,dietaryCarbohydrates
,,,,,,dietaryCarbohydrates
,,,,,,dietaryCarbohydrates
,,,,,,dietaryCarbohydrates
,,,,,,dietaryCarbohydrates
,,,,,,dietaryCarbohydrates
,,,,,,dietaryCarbohydrates
,,,,,,dietaryCarbohydrates
,,,,,,dietaryCarbohydrates
,,,,,,dietaryCarbohydrates
,,,,,,dietaryCarbohydrates
,,,,,,dietaryCarbohydrates
,,,,,,dietaryCarbohydrates
,,,,,,dietaryCarbohydrates
,,,,,,dietaryCarbohydrates
,,,,,,dietaryCarbohydrates
,,,,,,dietaryCarbohydrates
,,,,,,dietaryCarbohydrates
,,,,,,dietaryCarbohydrates
,,,,,,dietaryCarbohydrates
,,,,,,dietaryCarbohydrates
,,,,,,dietaryEnergyConsumed
,,,,,,dietaryEnergyConsumed
,,,,,,dietaryEnergyConsumed
,,,,,,dietaryEnergyConsumed
,,,,,,dietaryEnergyConsumed
,,,,,,dietaryEnergyConsumed
,,,,,,dietaryEnergyConsumed
,,,,,,dietaryEnergyConsumed
,,,,,,dietaryEnergyConsumed
,,,,,,dietaryEnergyConsumed
,,,,,,dietaryEnergyConsumed
,,,,,,dietaryEnergyConsumed
,,,,,,dietaryEnergyConsumed
,,,,,,dietaryEnergyConsumed
,,,,,,dietaryEnergyConsumed
,,,,,,dietaryEnergyConsumed
,,,,,,dietaryEnergyConsumed
,,,,,,dietaryEnergyConsumed
,,,,,,dietaryEnergyConsumed
,,,,,,dietaryEnergyConsumed
,,,,,,dietaryEnergyConsumed
,,,,,,dietaryEnergyConsumed
,,,,,,dietaryEnergyConsumed
,,,,,,dietaryEnergyConsumed
,,,,,,dietaryEnergyConsumed
,,,,,,dietaryEnergyConsumed
,,,,,,dietaryEnergyConsumed
,,,,,,dietaryEnergyConsumed
,,,,,,dietaryEnergyConsumed
,,,,,,dietaryEnergyConsumed
,,,,,,dietaryEnergyConsumed
,,,,,,dietaryFatTotal
,,,,,,dietaryFatTotal
,,,,,,dietaryFatTotal
,,,,,,dietaryFatTotal
,,,,,,dietaryFatTotal
,,,,,,dietaryFatTotal
,,,,,,dietaryFatTotal
,,,,,,dietaryFatTotal
,,,,,,dietaryFatTotal
,,,,,,dietaryFatTotal
,,,,,,dietaryFatTotal
,,,,,,dietaryFatTotal
,,,,,,dietaryFatTotal
,,,,,,dietaryFatTotal
,,,,,,dietaryFatTotal
,,,,,,dietaryFatTotal
,,,,,,dietaryFatTotal
,,,,,,dietaryFatTotal
,,,,,,dietaryFatTotal
,,,,,,dietaryFatTotal
,,,,,,dietaryFatTotal
,,,,,,dietaryFatTotal
,,,,,,dietaryFatTotal
,,,,,,dietaryFatTotal
,,,,,,dietaryFatTotal
,,,,,,dietaryFatTotal
,,,,,,dietaryFatTotal
,,,,,,dietaryFatTotal
,,,,,,dietaryFatTotal
,,,,,,dietaryFatTotal
,,,,,,dietaryFatTotal
,,,,,,dietaryProtein
,,,,,,dietaryProtein
,,,,,,dietaryProtein
,,,,,,dietaryProtein
,,,,,,dietaryProtein
,,,,,,dietaryProtein
,,,,,,dietaryProtein
,,,,,,dietaryProtein
,,,,,,dietaryProtein
,,,,,,dietaryProtein
,,,,,,dietaryProtein
,,,,,,dietaryProtein
,,,,,,dietaryProtein
,,,,,,dietaryProtein
,,,,,,dietaryProtein
,,,,,,dietaryProtein
,,,,,,dietaryProtein
,,,,,,dietaryProtein
,,,,,,dietaryProtein
,,,,,,dietaryProtein
,,,,,,dietaryProtein
,,,,,,dietaryProtein
,,,,,,dietaryProtein
,,,,,,dietaryProtein
,,,,,,dietaryProtein
,,,,,,dietaryProtein
,,,,,,dietaryProtein
,,,,,,dietaryProtein
,,,,,,dietaryProtein
,,,,,,dietaryProtein
,,,,,,dietaryProtein
,,,,,,dietaryWater
,,,,,,dietaryWater
,,,,,,dietaryWater
,,,,,,dietaryWater
,,,,,,dietaryWater
,,,,,,dietaryWater
,,,,,,dietaryWater
,,,,,,dietaryWater
,,,,,,dietaryWater
,,,,,,dietaryWater
,,,,,,dietaryWater
,,,,,,dietaryWater
,,,,,,dietaryWater
,,,,,,dietaryWater
,,,,,,dietaryWater
,,,,,,dietaryWater
,,,,,,dietaryWater
,,,,,,dietaryWater
,,,,,,dietaryWater
,,,,,,dietaryWater
,,,,,,dietaryWater
,,,,,,dietaryWater
,,,,,,dietaryWater
,,,,,,dietaryWater
,,,,,,dietaryWater
,,,,,,dietaryWater
,,,,,,dietaryWater
,,,,,,dietaryWater
,,,,,,dietaryWater
,,,,,,dietaryWater
,,,,,,dietaryWater
,,0.0,,,,distanceWalkingRunning
,,0.0,,,,distanceWalkingRunning
,,0.0,,,,distanceWalkingRunning
,,0.0,,,,distanceWalkingRunning
,,0.0,,,,distanceWalkingRunning
,,0.0,,,,distanceWalkingRunning
,,0.0,,,,distanceWalkingRunning
,,0.0,,,,distanceWalkingRunning
,,0.0,,,,distanceWalkingRunning
,,0.0,,,,distanceWalkingRunning
,,0.0,,,,distanceWalkingRunning
,,0.0,,,,distanceWalkingRunning
,,0.0,,,,distanceWalkingRunning
,,0.0,,,,distanceWalkingRunning
,,0.0,,,,distanceWalkingRunning
,,0.0,,,,distanceWalkingRunning
,,0.0,,,,distanceWalkingRunning
,,0.0,,,,distanceWalkingRunning
,,0.0,,,,distanceWalkingRunning
,,0.0,,,,distanceWalkingRunning
,,0.0,,,,distanceWalkingRunning
,,0.0,,,,distanceWalkingRunning
,,251.5566509103228,,,,distanceWalkingRunning
,,1794.8915829549305,,,,distanceWalkingRunning
,,847.7301518899185,,,,distanceWalkingRunning
,,3272.40416366066,,,,distanceWalkingRunning
,,4339.077475819367,,,,distanceWalkingRunning
,,1375.835040741846,,,,distanceWalkingRunning
,,1298.8947787253928,,,,distanceWalkingRunning
,,1234.0290533102234,,,,distanceWalkingRunning
,,243.50100014684722,,,,distanceWalkingRunning
,,,,,,ecgDetailedData
,,,,,,ecgDetailedData
,,,,,,electrocardiogram
,,,,,,electrocardiogram
,,,,,,electrocardiogram
,,,,,,electrocardiogram
,,,,,,electrocardiogram
,,,,,,electrocardiogram
,,,,,,electrocardiogram
,,,,,,electrocardiogram
,,,,,,electrocardiogram
,,,,,,electrocardiogram
,,,,,,electrocardiogram
,,,,,,electrocardiogram
,,,,,,electrocardiogram
,,,,,,electrocardiogram
,,,,,,electrocardiogram
,,,,,,electrocardiogram
,,,,,,electrocardiogram
,,,,,,electrocardiogram
,,,,,,electrocardiogram
,,,,,,electrocardiogram
,,,,,,electrocardiogram
,,,,,,electrocardiogram
,,,,,,electrocardiogram
,,,,,,electrocardiogram
,,,,,,electrocardiogram
,,,,,,electrocardiogram
,,,,,,electrocardiogram
,,,,,,electrocardiogram
,,,,,,electrocardiogram
,,,,,,electrocardiogram
,,,,,,electrocardiogram
,,,,,,flightsClimbed
,,,,,,flightsClimbed
,,,,,,flightsClimbed
,,,,,,flightsClimbed
,,,,,,flightsClimbed
,,,,,,flightsClimbed
,,,,,,flightsClimbed
,,,,,,flightsClimbed
,,,,,,flightsClimbed
,,,,,,flightsClimbed
,,,,,,flightsClimbed
,,,,,,flightsClimbed
,,,,,,flightsClimbed
,,,,,,flightsClimbed
,,,,,,flightsClimbed
,,,,,,flightsClimbed
,,,,,,flightsClimbed
,,,,,,flightsClimbed
,,,,,,flightsClimbed
,,,,,,flightsClimbed
,,,,,,flightsClimbed
,,,,,,flightsClimbed
,,,,,,flightsClimbed
,,,,,,flightsClimbed
,,,,,,flightsClimbed
,,,,,,flightsClimbed
,,,,,,flightsClimbed
,,,,,,flightsClimbed
,,,,,,flightsClimbed
,,,,,,flightsClimbed
,,,,,,flightsClimbed
0.0,,,,,,heartRate
0.0,,,,,,heartRate
0.0,,,,,,heartRate
0.0,,,,,,heartRate
0.0,,,,,,heartRate
0.0,,,,,,heartRate
0.0,,,,,,heartRate
0.0,,,,,,heartRate
0.0,,,,,,heartRate
0.0,,,,,,heartRate
0.0,,,,,,heartRate
0.0,,,,,,heartRate
0.0,,,,,,heartRate
0.0,,,,,,heartRate
0.0,,,,,,heartRate
0.0,,,,,,heartRate
0.0,,,,,,heartRate
0.0,,,,,,heartRate
0.0,,,,,,heartRate
0.0,,,,,,heartRate
0.0,,,,,,heartRate
0.0,,,,,,heartRate
0.0,,,,,,heartRate
0.0,,,,,,heartRate
0.0,,,,,,heartRate
0.0,,,,,,heartRate
0.0,,,,,,heartRate
0.0,,,,,,heartRate
0.0,,,,,,heartRate
0.0,,,,,,heartRate
0.0,,,,,,heartRate
,,,,,,heartRateVariabilitySDNN
,,,,,,heartRateVariabilitySDNN
,,,,,,heartRateVariabilitySDNN
,,,,,,heartRateVariabilitySDNN
,,,,,,heartRateVariabilitySDNN
,,,,,,heartRateVariabilitySDNN
,,,,,,heartRateVariabilitySDNN
,,,,,,heartRateVariabilitySDNN
,,,,,,heartRateVariabilitySDNN
,,,,,,heartRateVariabilitySDNN
,,,,,,heartRateVariabilitySDNN
,,,,,,heartRateVariabilitySDNN
,,,,,,heartRateVariabilitySDNN
,,,,,,heartRateVariabilitySDNN
,,,,,,heartRateVariabilitySDNN
,,,,,,heartRateVariabilitySDNN
,,,,,,heartRateVariabilitySDNN
,,,,,,heartRateVariabilitySDNN
,,,,,,heartRateVariabilitySDNN
,,,,,,heartRateVariabilitySDNN
,,,,,,heartRateVariabilitySDNN
,,,,,,heartRateVariabilitySDNN
,,,,,,heartRateVariabilitySDNN
,,,,,,heartRateVariabilitySDNN
,,,,,,heartRateVariabilitySDNN
,,,,,,heartRateVariabilitySDNN
,,,,,,heartRateVariabilitySDNN
,,,,,,heartRateVariabilitySDNN
,,,,,,heartRateVariabilitySDNN
,,,,,,heartRateVariabilitySDNN
,,,,,,heartRateVariabilitySDNN
,,,,,,height
,,,,,,height
,,,,,,height
,,,,,,height
,,,,,,height
,,,,,,height
,,,,,,height
,,,,,,height
,,,,,,height
,,,,,,height
,,,,,,height
,,,,,,height
,,,,,,height
,,,,,,height
,,,,,,height
,,,,,,height
,,,,,,height
,,,,,,height
,,,,,,height
,,,,,,height
,,,,,,height
,,,,,,height
,,,,,,height
,,,,,,height
,,,,,,height
,,,,,,height
,,,,,,height
,,,,,,height
,,,,,,height
,,,,,,height
,,,,,,height
,,,,,,leanBodyMass
,,,,,,leanBodyMass
,,,,,,leanBodyMass
,,,,,,leanBodyMass
,,,,,,leanBodyMass
,,,,,,leanBodyMass
,,,,,,leanBodyMass
,,,,,,leanBodyMass
,,,,,,leanBodyMass
,,,,,,leanBodyMass
,,,,,,leanBodyMass
,,,,,,leanBodyMass
,,,,,,leanBodyMass
,,,,,,leanBodyMass
,,,,,,leanBodyMass
,,,,,,leanBodyMass
,,,,,,leanBodyMass
,,,,,,leanBodyMass
,,,,,,leanBodyMass
,,,,,,leanBodyMass
,,,,,,leanBodyMass
,,,,,,leanBodyMass
,,,,,,leanBodyMass
,,,,,,leanBodyMass
,,,,,,leanBodyMass
,,,,,,leanBodyMass
,,,,,,leanBodyMass
,,,,,,leanBodyMass
,,,,,,leanBodyMass
,,,,,,leanBodyMass
,,,,,,leanBodyMass
,,,,,,menstrualFlow
,,,,,,menstrualFlow
,,,,,,menstrualFlow
,,,,,,menstrualFlow
,,,,,,menstrualFlow
,,,,,,menstrualFlow
,,,,,,menstrualFlow
,,,,,,menstrualFlow
,,,,,,menstrualFlow
,,,,,,menstrualFlow
,,,,,,menstrualFlow
,,,,,,menstrualFlow
,,,,,,menstrualFlow
,,,,,,menstrualFlow
,,,,,,menstrualFlow
,,,,,,menstrualFlow
,,,,,,menstrualFlow
,,,,,,menstrualFlow
,,,,,,menstrualFlow
,,,,,,menstrualFlow
,,,,,,menstrualFlow
,,,,,,menstrualFlow
,,,,,,menstrualFlow
,,,,,,menstrualFlow
,,,,,,menstrualFlow
,,,,,,menstrualFlow
,,,,,,menstrualFlow
,,,,,,menstrualFlow
,,,,,,menstrualFlow
,,,,,,menstrualFlow
,,,,,,menstrualFlow
,,,,,,oxygenSaturation
,,,,,,oxygenSaturation
,,,,,,oxygenSaturation
,,,,,,oxygenSaturation
,,,,,,oxygenSaturation
,,,,,,oxygenSaturation
,,,,,,oxygenSaturation
,,,,,,oxygenSaturation
,,,,,,oxygenSaturation
,,,,,,oxygenSaturation
,,,,,,oxygenSaturation
,,,,,,oxygenSaturation
,,,,,,oxygenSaturation
,,,,,,oxygenSaturation
,,,,,,oxygenSaturation
,,,,,,oxygenSaturation
,,,,,,oxygenSaturation
,,,,,,oxygenSaturation
,,,,,,oxygenSaturation
,,,,,,oxygenSaturation
,,,,,,oxygenSaturation
,,,,,,oxygenSaturation
,,,,,,oxygenSaturation
,,,,,,oxygenSaturation
,,,,,,oxygenSaturation
,,,,,,oxygenSaturation
,,,,,,oxygenSaturation
,,,,,,oxygenSaturation
,,,,,,oxygenSaturation
,,,,,,oxygenSaturation
,,,,,,oxygenSaturation
,,,,,,respiratoryRate
,,,,,,respiratoryRate
,,,,,,respiratoryRate
,,,,,,respiratoryRate
,,,,,,respiratoryRate
,,,,,,respiratoryRate
,,,,,,respiratoryRate
,,,,,,respiratoryRate
,,,,,,respiratoryRate
,,,,,,respiratoryRate
,,,,,,respiratoryRate
,,,,,,respiratoryRate
,,,,,,respiratoryRate
,,,,,,respiratoryRate
,,,,,,respiratoryRate
,,,,,,respiratoryRate
,,,,,,respiratoryRate
,,,,,,respiratoryRate
,,,,,,respiratoryRate
,,,,,,respiratoryRate
,,,,,,respiratoryRate
,,,,,,respiratoryRate
,,,,,,respiratoryRate
,,,,,,respiratoryRate
,,,,,,respiratoryRate
,,,,,,respiratoryRate
,,,,,,respiratoryRate
,,,,,,respiratoryRate
,,,,,,respiratoryRate
,,,,,,respiratoryRate
,,,,,,respiratoryRate
,,,,0.0,,restingHeartRate
,,,,0.0,,restingHeartRate
,,,,0.0,,restingHeartRate
,,,,0.0,,restingHeartRate
,,,,0.0,,restingHeartRate
,,,,0.0,,restingHeartRate
,,,,0.0,,restingHeartRate
,,,,0.0,,restingHeartRate
,,,,0.0,,restingHeartRate
,,,,0.0,,restingHeartRate
,,,,0.0,,restingHeartRate
,,,,0.0,,restingHeartRate
,,,,0.0,,restingHeartRate
,,,,0.0,,restingHeartRate
,,,,0.0,,restingHeartRate
,,,,0.0,,restingHeartRate
,,,,0.0,,restingHeartRate
,,,,0.0,,restingHeartRate
,,,,0.0,,restingHeartRate
,,,,0.0,,restingHeartRate
,,,,0.0,,restingHeartRate
,,,,0.0,,restingHeartRate
,,,,0.0,,restingHeartRate
,,,,0.0,,restingHeartRate
,,,,0.0,,restingHeartRate
,,,,0.0,,restingHeartRate
,,,,0.0,,restingHeartRate
,,,,0.0,,restingHeartRate
,,,,0.0,,restingHeartRate
,,,,0.0,,restingHeartRate
,,,,0.0,,restingHeartRate
,,,,,,sleepAnalysis
,,,,,,sleepAnalysis
,,,,,,sleepAnalysis
,,,,,,sleepAnalysis
,,,,,,sleepAnalysis
,,,,,,sleepAnalysis
,,,,,,sleepAnalysis
,,,,,,sleepAnalysis
,,,,,,sleepAnalysis
,,,,,,sleepAnalysis
,,,,,,sleepAnalysis
,,,,,,sleepAnalysis
,,,,,,sleepAnalysis
,,,,,,sleepAnalysis
,,,,,,sleepAnalysis
,,,,,,sleepAnalysis
,,,,,,sleepAnalysis
,,,,,,sleepAnalysis
,,,,,,sleepAnalysis
,,,,,,sleepAnalysis
,,,,,,sleepAnalysis
,,,,,,sleepAnalysis
,,,,,,sleepAnalysis
,,,,,,sleepAnalysis
,,,,,,sleepAnalysis
,,,,,,sleepAnalysis
,,,,,,sleepAnalysis
,,,,,,sleepAnalysis
,,,,,,sleepAnalysis
,,,,,,sleepAnalysis
,,,,,,sleepAnalysis
,0.0,,,,,stepCount
,0.0,,,,,stepCount
,0.0,,,,,stepCount
,0.0,,,,,stepCount
,0.0,,,,,stepCount
,0.0,,,,,stepCount
,0.0,,,,,stepCount
,0.0,,,,,stepCount
,0.0,,,,,stepCount
,0.0,,,,,stepCount
,0.0,,,,,stepCount
,0.0,,,,,stepCount
,0.0,,,,,stepCount
,0.0,,,,,stepCount
,0.0,,,,,stepCount
,0.0,,,,,stepCount
,0.0,,,,,stepCount
,0.0,,,,,stepCount
,0.0,,,,,stepCount
,0.0,,,,,stepCount
,0.0,,,,,stepCount
,0.0,,,,,stepCount
,380.0,,,,,stepCount
,2677.6511901959266,,,,,stepCount
,1187.0,,,,,stepCount
,4412.754889975135,,,,,stepCount
,5964.783901435253,,,,,stepCount
,1930.0745125168612,,,,,stepCount
,1902.0,,,,,stepCount
,1954.0,,,,,stepCount
,382.0,,,,,stepCount
,,,,,0.0,walkingHeartRateAverage
,,,,,0.0,walkingHeartRateAverage
,,,,,0.0,walkingHeartRateAverage
,,,,,0.0,walkingHeartRateAverage
,,,,,0.0,walkingHeartRateAverage
,,,,,0.0,walkingHeartRateAverage
,,,,,0.0,walkingHeartRateAverage
,,,,,0.0,walkingHeartRateAverage
,,,,,0.0,walkingHeartRateAverage
,,,,,0.0,walkingHeartRateAverage
,,,,,0.0,walkingHeartRateAverage
,,,,,0.0,walkingHeartRateAverage
,,,,,0.0,walkingHeartRateAverage
,,,,,0.0,walkingHeartRateAverage
,,,,,0.0,walkingHeartRateAverage
,,,,,0.0,walkingHeartRateAverage
,,,,,0.0,walkingHeartRateAverage
,,,,,0.0,walkingHeartRateAverage
,,,,,0.0,walkingHeartRateAverage
,,,,,0.0,walkingHeartRateAverage
,,,,,0.0,walkingHeartRateAverage
,,,,,0.0,walkingHeartRateAverage
,,,,,0.0,walkingHeartRateAverage
,,,,,0.0,walkingHeartRateAverage
,,,,,0.0,walkingHeartRateAverage
,,,,,0.0,walkingHeartRateAverage
,,,,,0.0,walkingHeartRateAverage
,,,,,0.0,walkingHeartRateAverage
,,,,,0.0,walkingHeartRateAverage
,,,,,0.0,walkingHeartRateAverage
,,,,,0.0,walkingHeartRateAverage
,,,,,,workoutCalories
,,,,,,workoutCalories
,,,,,,workoutCalories
,,,,,,workoutCalories
,,,,,,workoutCalories
,,,,,,workoutCalories
,,,,,,workoutCalories
,,,,,,workoutCalories
,,,,,,workoutCalories
,,,,,,workoutCalories
,,,,,,workoutCalories
,,,,,,workoutCalories
,,,,,,workoutCalories
,,,,,,workoutCalories
,,,,,,workoutCalories
,,,,,,workoutCalories
,,,,,,workoutCalories
,,,,,,workoutCalories
,,,,,,workoutCalories
,,,,,,workoutCalories
,,,,,,workoutCalories
,,,,,,workoutCalories
,,,,,,workoutCalories
,,,,,,workoutCalories
,,,,,,workoutCalories
,,,,,,workoutCalories
,,,,,,workoutCalories
,,,,,,workoutCalories
,,,,,,workoutCalories
,,,,,,workoutCalories
,,,,,,workoutCalories
,,,,,,workoutDetailedData
,,,,,,workoutDetailedData
,,,,,,workoutDistance
,,,,,,workoutDistance
,,,,,,workoutDistance
,,,,,,workoutDistance
,,,,,,workoutDistance
,,,,,,workoutDistance
,,,,,,workoutDistance
,,,,,,workoutDistance
,,,,,,workoutDistance
,,,,,,workoutDistance
,,,,,,workoutDistance
,,,,,,workoutDistance
,,,,,,workoutDistance
,,,,,,workoutDistance
,,,,,,workoutDistance
,,,,,,workoutDistance
,,,,,,workoutDistance
,,,,,,workoutDistance
,,,,,,workoutDistance
,,,,,,workoutDistance
,,,,,,workoutDistance
,,,,,,workoutDistance
,,,,,,workoutDistance
,,,,,,workoutDistance
,,,,,,workoutDistance
,,,,,,workoutDistance
,,,,,,workoutDistance
,,,,,,workoutDistance
,,,,,,workoutDistance
,,,,,,workoutDistance
,,,,,,workoutDistance
,,,,,,workoutDuration
,,,,,,workoutDuration
,,,,,,workoutDuration
,,,,,,workoutDuration
,,,,,,workoutDuration
,,,,,,workoutDuration
,,,,,,workoutDuration
,,,,,,workoutDuration
,,,,,,workoutDuration
,,,,,,workoutDuration
,,,,,,workoutDuration
,,,,,,workoutDuration
,,,,,,workoutDuration
,,,,,,workoutDuration
,,,,,,workoutDuration
,,,,,,workoutDuration
,,,,,,workoutDuration
,,,,,,workoutDuration
,,,,,,workoutDuration
,,,,,,workoutDuration
,,,,,,workoutDuration
,,,,,,workoutDuration
,,,,,,workoutDuration
,,,,,,workoutDuration
,,,,,,workoutDuration
,,,,,,workoutDuration
,,,,,,workoutDuration
,,,,,,workoutDuration
,,,,,,workoutDuration
,,,,,,workoutDuration
,,,,,,workoutDuration
